"HITId","HITTypeId","Title","Description","Keywords","Reward","CreationTime","MaxAssignments","RequesterAnnotation","AssignmentDurationInSeconds","AutoApprovalDelayInSeconds","Expiration","NumberOfSimilarHITs","LifetimeInSeconds","AssignmentId","WorkerId","AssignmentStatus","AcceptTime","SubmitTime","AutoApprovalTime","ApprovalTime","RejectionTime","RequesterFeedback","WorkTimeInSeconds","LifetimeApprovalRate","Last30DaysApprovalRate","Last7DaysApprovalRate","Answer.surveycode","Approve","Reject"
"33EEIIWHK75749SAJ6XEMU6GJGDVQ7","3BKZR1PB4HBK47NXZMBQYW7UQWWK6V","Answer questions about mobile app privacy","Answer a few questions about mobile app privacy","mobile, app, privacy","$2.00","Sun Nov 24 19:48:45 PST 2019","100","BatchId:3847811;OriginalHitTemplateId:920937340;","3600","259200","Sun Dec 01 19:48:45 PST 2019","","","30BXRYBRP5VASPR6HTKIN2TIOO9HWI","A2KLJKDG90K1PP","Approved","Sun Nov 24 22:06:03 PST 2019","Sun Nov 24 22:12:44 PST 2019","Wed Nov 27 22:12:44 PST 2019","Mon Nov 25 09:56:46 PST 2019","","","401","100% (1/1)","100% (1/1)","100% (1/1)","COMPL3T3"
"33EEIIWHK75749SAJ6XEMU6GJGDVQ7","3BKZR1PB4HBK47NXZMBQYW7UQWWK6V","Answer questions about mobile app privacy","Answer a few questions about mobile app privacy","mobile, app, privacy","$2.00","Sun Nov 24 19:48:45 PST 2019","100","BatchId:3847811;OriginalHitTemplateId:920937340;","3600","259200","Sun Dec 01 19:48:45 PST 2019","","","31IBVUNM9TXDZ40VWTRMYFYR100VFU","A2HWLIJP5OVFD5","Approved","Mon Nov 25 00:25:14 PST 2019","Mon Nov 25 00:27:46 PST 2019","Thu Nov 28 00:27:46 PST 2019","Mon Nov 25 09:56:46 PST 2019","","","152","100% (1/1)","100% (1/1)","100% (1/1)","COMPL3T3"
"33EEIIWHK75749SAJ6XEMU6GJGDVQ7","3BKZR1PB4HBK47NXZMBQYW7UQWWK6V","Answer questions about mobile app privacy","Answer a few questions about mobile app privacy","mobile, app, privacy","$2.00","Sun Nov 24 19:48:45 PST 2019","100","BatchId:3847811;OriginalHitTemplateId:920937340;","3600","259200","Sun Dec 01 19:48:45 PST 2019","","","31T4R4OBOTE4L2FPNTY5KVXLI5VC72","A2M6ON3DU45IEO","Approved","Sun Nov 24 22:03:01 PST 2019","Sun Nov 24 22:04:31 PST 2019","Wed Nov 27 22:04:31 PST 2019","Mon Nov 25 09:56:47 PST 2019","","","90","100% (1/1)","100% (1/1)","100% (1/1)","COMPL3T3"
"33EEIIWHK75749SAJ6XEMU6GJGDVQ7","3BKZR1PB4HBK47NXZMBQYW7UQWWK6V","Answer questions about mobile app privacy","Answer a few questions about mobile app privacy","mobile, app, privacy","$2.00","Sun Nov 24 19:48:45 PST 2019","100","BatchId:3847811;OriginalHitTemplateId:920937340;","3600","259200","Sun Dec 01 19:48:45 PST 2019","","","32EYX73OY17APFG4IYHBJIARQHOURL","A2J7L7S9GCPJ8V","Approved","Sun Nov 24 20:36:31 PST 2019","Sun Nov 24 20:41:35 PST 2019","Wed Nov 27 20:41:35 PST 2019","Mon Nov 25 09:56:47 PST 2019","","","304","100% (1/1)","100% (1/1)","100% (1/1)","COMPL3T3"
"33EEIIWHK75749SAJ6XEMU6GJGDVQ7","3BKZR1PB4HBK47NXZMBQYW7UQWWK6V","Answer questions about mobile app privacy","Answer a few questions about mobile app privacy","mobile, app, privacy","$2.00","Sun Nov 24 19:48:45 PST 2019","100","BatchId:3847811;OriginalHitTemplateId:920937340;","3600","259200","Sun Dec 01 19:48:45 PST 2019","","","32Q90QCQ1TJ7DF6N2ET9EO2A91WKEX","A2O2Q0LVWOWJ1G","Approved","Sun Nov 24 19:49:11 PST 2019","Sun Nov 24 19:51:14 PST 2019","Wed Nov 27 19:51:14 PST 2019","Mon Nov 25 09:56:47 PST 2019","","","123","100% (1/1)","100% (1/1)","100% (1/1)","COMPL3T3"
"33EEIIWHK75749SAJ6XEMU6GJGDVQ7","3BKZR1PB4HBK47NXZMBQYW7UQWWK6V","Answer questions about mobile app privacy","Answer a few questions about mobile app privacy","mobile, app, privacy","$2.00","Sun Nov 24 19:48:45 PST 2019","100","BatchId:3847811;OriginalHitTemplateId:920937340;","3600","259200","Sun Dec 01 19:48:45 PST 2019","","","336YQZE83WC27KDXCPDMP7O1LD5M5G","A3VOMP0WOJTB4I","Approved","Sun Nov 24 22:22:46 PST 2019","Sun Nov 24 22:39:39 PST 2019","Wed Nov 27 22:39:39 PST 2019","Mon Nov 25 09:56:47 PST 2019","","","1013","100% (2/2)","100% (1/1)","100% (1/1)","COMPL3T3"
"33EEIIWHK75749SAJ6XEMU6GJGDVQ7","3BKZR1PB4HBK47NXZMBQYW7UQWWK6V","Answer questions about mobile app privacy","Answer a few questions about mobile app privacy","mobile, app, privacy","$2.00","Sun Nov 24 19:48:45 PST 2019","100","BatchId:3847811;OriginalHitTemplateId:920937340;","3600","259200","Sun Dec 01 19:48:45 PST 2019","","","338JKRMM27XDLCO3GOOQ5DWRW5WHAX","A2QH1BQA6GR48O","Approved","Sun Nov 24 20:07:42 PST 2019","Sun Nov 24 20:09:24 PST 2019","Wed Nov 27 20:09:24 PST 2019","Mon Nov 25 09:56:47 PST 2019","","","102","100% (1/1)","100% (1/1)","100% (1/1)","COMPL3T3"
"33EEIIWHK75749SAJ6XEMU6GJGDVQ7","3BKZR1PB4HBK47NXZMBQYW7UQWWK6V","Answer questions about mobile app privacy","Answer a few questions about mobile app privacy","mobile, app, privacy","$2.00","Sun Nov 24 19:48:45 PST 2019","100","BatchId:3847811;OriginalHitTemplateId:920937340;","3600","259200","Sun Dec 01 19:48:45 PST 2019","","","345LHZDEDYQI6DV278GF1K7BK3H3UZ","AJ60KRY0FTB1F","Approved","Sun Nov 24 22:14:32 PST 2019","Sun Nov 24 22:25:50 PST 2019","Wed Nov 27 22:25:50 PST 2019","Mon Nov 25 09:56:47 PST 2019","","","678","100% (1/1)","100% (1/1)","100% (1/1)","COMPL3T3"
"33EEIIWHK75749SAJ6XEMU6GJGDVQ7","3BKZR1PB4HBK47NXZMBQYW7UQWWK6V","Answer questions about mobile app privacy","Answer a few questions about mobile app privacy","mobile, app, privacy","$2.00","Sun Nov 24 19:48:45 PST 2019","100","BatchId:3847811;OriginalHitTemplateId:920937340;","3600","259200","Sun Dec 01 19:48:45 PST 2019","","","34Z02EIMITB7P8HGOG8MUQN2YDM0T6","A2J237J8KM3OCS","Approved","Sun Nov 24 21:19:19 PST 2019","Sun Nov 24 21:32:37 PST 2019","Wed Nov 27 21:32:37 PST 2019","Mon Nov 25 09:56:47 PST 2019","","","798","100% (1/1)","100% (1/1)","100% (1/1)","COMPL3T3"
"33EEIIWHK75749SAJ6XEMU6GJGDVQ7","3BKZR1PB4HBK47NXZMBQYW7UQWWK6V","Answer questions about mobile app privacy","Answer a few questions about mobile app privacy","mobile, app, privacy","$2.00","Sun Nov 24 19:48:45 PST 2019","100","BatchId:3847811;OriginalHitTemplateId:920937340;","3600","259200","Sun Dec 01 19:48:45 PST 2019","","","35BLDD71I7VJ4LRVX5LT17E9D5SZVK","A1Q4N7ZTNI9IKX","Approved","Sun Nov 24 23:34:41 PST 2019","Sun Nov 24 23:59:32 PST 2019","Wed Nov 27 23:59:32 PST 2019","Mon Nov 25 09:56:47 PST 2019","","","1491","100% (1/1)","100% (1/1)","100% (1/1)","COMPL3T3"
"33EEIIWHK75749SAJ6XEMU6GJGDVQ7","3BKZR1PB4HBK47NXZMBQYW7UQWWK6V","Answer questions about mobile app privacy","Answer a few questions about mobile app privacy","mobile, app, privacy","$2.00","Sun Nov 24 19:48:45 PST 2019","100","BatchId:3847811;OriginalHitTemplateId:920937340;","3600","259200","Sun Dec 01 19:48:45 PST 2019","","","3634BBTX0PS8DYGVXMS3JQ8XTYUIFA","A14NP6X071S7GK","Approved","Sun Nov 24 21:08:30 PST 2019","Sun Nov 24 21:27:21 PST 2019","Wed Nov 27 21:27:21 PST 2019","Mon Nov 25 09:56:48 PST 2019","","","1131","100% (1/1)","100% (1/1)","100% (1/1)","COMPL3T3"
"33EEIIWHK75749SAJ6XEMU6GJGDVQ7","3BKZR1PB4HBK47NXZMBQYW7UQWWK6V","Answer questions about mobile app privacy","Answer a few questions about mobile app privacy","mobile, app, privacy","$2.00","Sun Nov 24 19:48:45 PST 2019","100","BatchId:3847811;OriginalHitTemplateId:920937340;","3600","259200","Sun Dec 01 19:48:45 PST 2019","","","37UQDCYH6YT0KBLPEATAANLA3CF7V0","A1G10UPKNT2YEX","Approved","Sun Nov 24 23:13:49 PST 2019","Sun Nov 24 23:52:29 PST 2019","Wed Nov 27 23:52:29 PST 2019","Mon Nov 25 09:56:48 PST 2019","","","2320","100% (1/1)","100% (1/1)","100% (1/1)","COMPL3T3"
"33EEIIWHK75749SAJ6XEMU6GJGDVQ7","3BKZR1PB4HBK47NXZMBQYW7UQWWK6V","Answer questions about mobile app privacy","Answer a few questions about mobile app privacy","mobile, app, privacy","$2.00","Sun Nov 24 19:48:45 PST 2019","100","BatchId:3847811;OriginalHitTemplateId:920937340;","3600","259200","Sun Dec 01 19:48:45 PST 2019","","","37WLF8U1WQO300D8WWAB20AXS3AK6E","A1DVKS3R9SLQ1H","Approved","Sun Nov 24 20:08:44 PST 2019","Sun Nov 24 20:18:23 PST 2019","Wed Nov 27 20:18:23 PST 2019","Mon Nov 25 09:56:48 PST 2019","","","579","100% (2/2)","100% (2/2)","100% (1/1)","COMPL3T3"
"33EEIIWHK75749SAJ6XEMU6GJGDVQ7","3BKZR1PB4HBK47NXZMBQYW7UQWWK6V","Answer questions about mobile app privacy","Answer a few questions about mobile app privacy","mobile, app, privacy","$2.00","Sun Nov 24 19:48:45 PST 2019","100","BatchId:3847811;OriginalHitTemplateId:920937340;","3600","259200","Sun Dec 01 19:48:45 PST 2019","","","37XITHEISX7E3LZ4W7WBPCOLJHLCRX","A1JKSAQ8UNCE7B","Approved","Sun Nov 24 21:07:05 PST 2019","Sun Nov 24 21:10:04 PST 2019","Wed Nov 27 21:10:04 PST 2019","Mon Nov 25 09:56:48 PST 2019","","","179","100% (1/1)","100% (1/1)","100% (1/1)","COMPL3T3"
"33EEIIWHK75749SAJ6XEMU6GJGDVQ7","3BKZR1PB4HBK47NXZMBQYW7UQWWK6V","Answer questions about mobile app privacy","Answer a few questions about mobile app privacy","mobile, app, privacy","$2.00","Sun Nov 24 19:48:45 PST 2019","100","BatchId:3847811;OriginalHitTemplateId:920937340;","3600","259200","Sun Dec 01 19:48:45 PST 2019","","","37Z929RLGA67QH1SXIR64WTLT53STJ","A37M4OVE9R80G","Approved","Sun Nov 24 21:06:15 PST 2019","Sun Nov 24 21:08:48 PST 2019","Wed Nov 27 21:08:48 PST 2019","Mon Nov 25 09:56:48 PST 2019","","","153","100% (1/1)","100% (1/1)","100% (1/1)","COMPL3T3"
"33EEIIWHK75749SAJ6XEMU6GJGDVQ7","3BKZR1PB4HBK47NXZMBQYW7UQWWK6V","Answer questions about mobile app privacy","Answer a few questions about mobile app privacy","mobile, app, privacy","$2.00","Sun Nov 24 19:48:45 PST 2019","100","BatchId:3847811;OriginalHitTemplateId:920937340;","3600","259200","Sun Dec 01 19:48:45 PST 2019","","","37Z929RLGA67QH1SXIR64WTLT57TSO","A2AO7QP5THYKQF","Approved","Sun Nov 24 21:41:15 PST 2019","Sun Nov 24 21:51:33 PST 2019","Wed Nov 27 21:51:33 PST 2019","Mon Nov 25 09:56:48 PST 2019","","","618","100% (1/1)","100% (1/1)","100% (1/1)","COMPL3T3"
"33EEIIWHK75749SAJ6XEMU6GJGDVQ7","3BKZR1PB4HBK47NXZMBQYW7UQWWK6V","Answer questions about mobile app privacy","Answer a few questions about mobile app privacy","mobile, app, privacy","$2.00","Sun Nov 24 19:48:45 PST 2019","100","BatchId:3847811;OriginalHitTemplateId:920937340;","3600","259200","Sun Dec 01 19:48:45 PST 2019","","","388U7OUMF8ZU9T4OKR3RUBMKASGR0B","A9EVF0SO2IUJ0","Approved","Sun Nov 24 19:55:35 PST 2019","Sun Nov 24 20:16:57 PST 2019","Wed Nov 27 20:16:57 PST 2019","Mon Nov 25 09:56:48 PST 2019","","","1282","100% (23/23)","100% (1/1)","100% (1/1)","COMPL3T3"
"33EEIIWHK75749SAJ6XEMU6GJGDVQ7","3BKZR1PB4HBK47NXZMBQYW7UQWWK6V","Answer questions about mobile app privacy","Answer a few questions about mobile app privacy","mobile, app, privacy","$2.00","Sun Nov 24 19:48:45 PST 2019","100","BatchId:3847811;OriginalHitTemplateId:920937340;","3600","259200","Sun Dec 01 19:48:45 PST 2019","","","38BQUHLA9XYOFUJFH49LYDOS281OME","A70L26UXLTGLC","Approved","Sun Nov 24 21:34:52 PST 2019","Sun Nov 24 21:37:21 PST 2019","Wed Nov 27 21:37:21 PST 2019","Mon Nov 25 09:56:49 PST 2019","","","149","100% (4/4)","100% (1/1)","100% (1/1)","COMPL3T3"
"33EEIIWHK75749SAJ6XEMU6GJGDVQ7","3BKZR1PB4HBK47NXZMBQYW7UQWWK6V","Answer questions about mobile app privacy","Answer a few questions about mobile app privacy","mobile, app, privacy","$2.00","Sun Nov 24 19:48:45 PST 2019","100","BatchId:3847811;OriginalHitTemplateId:920937340;","3600","259200","Sun Dec 01 19:48:45 PST 2019","","","39O5D9O87UQMKJE2LHVF7EL5D33C3R","AHV4U78TUUDKI","Approved","Sun Nov 24 20:51:13 PST 2019","Sun Nov 24 20:52:49 PST 2019","Wed Nov 27 20:52:49 PST 2019","Mon Nov 25 09:56:49 PST 2019","","","96","100% (1/1)","100% (1/1)","100% (1/1)","COMPL3T3"
"33EEIIWHK75749SAJ6XEMU6GJGDVQ7","3BKZR1PB4HBK47NXZMBQYW7UQWWK6V","Answer questions about mobile app privacy","Answer a few questions about mobile app privacy","mobile, app, privacy","$2.00","Sun Nov 24 19:48:45 PST 2019","100","BatchId:3847811;OriginalHitTemplateId:920937340;","3600","259200","Sun Dec 01 19:48:45 PST 2019","","","39PAAFCODNYNI9IWRDWBFJDSS9TVTN","A17DF2ZUXF4F0Q","Approved","Sun Nov 24 20:23:55 PST 2019","Sun Nov 24 20:42:46 PST 2019","Wed Nov 27 20:42:46 PST 2019","Mon Nov 25 09:56:49 PST 2019","","","1131","100% (2/2)","100% (2/2)","100% (2/2)","COMPL3T3"
"33EEIIWHK75749SAJ6XEMU6GJGDVQ7","3BKZR1PB4HBK47NXZMBQYW7UQWWK6V","Answer questions about mobile app privacy","Answer a few questions about mobile app privacy","mobile, app, privacy","$2.00","Sun Nov 24 19:48:45 PST 2019","100","BatchId:3847811;OriginalHitTemplateId:920937340;","3600","259200","Sun Dec 01 19:48:45 PST 2019","","","39RP059MEIR4W0U6DZ4ZSTOTV9QBM5","A170EDGL8ZWMSL","Approved","Sun Nov 24 21:59:48 PST 2019","Sun Nov 24 22:02:24 PST 2019","Wed Nov 27 22:02:24 PST 2019","Mon Nov 25 09:56:49 PST 2019","","","156","100% (1/1)","100% (1/1)","100% (1/1)","COMPL3T3"
"33EEIIWHK75749SAJ6XEMU6GJGDVQ7","3BKZR1PB4HBK47NXZMBQYW7UQWWK6V","Answer questions about mobile app privacy","Answer a few questions about mobile app privacy","mobile, app, privacy","$2.00","Sun Nov 24 19:48:45 PST 2019","100","BatchId:3847811;OriginalHitTemplateId:920937340;","3600","259200","Sun Dec 01 19:48:45 PST 2019","","","3A0EX8ZRN9M4QHJKW2SAMOB04JGBY7","A1Q7VWUBIJOK17","Approved","Mon Nov 25 01:43:28 PST 2019","Mon Nov 25 01:51:58 PST 2019","Thu Nov 28 01:51:58 PST 2019","Mon Nov 25 09:56:49 PST 2019","","","510","100% (1/1)","100% (1/1)","100% (1/1)","COMPL3T3"
"33EEIIWHK75749SAJ6XEMU6GJGDVQ7","3BKZR1PB4HBK47NXZMBQYW7UQWWK6V","Answer questions about mobile app privacy","Answer a few questions about mobile app privacy","mobile, app, privacy","$2.00","Sun Nov 24 19:48:45 PST 2019","100","BatchId:3847811;OriginalHitTemplateId:920937340;","3600","259200","Sun Dec 01 19:48:45 PST 2019","","","3B2X28YI3XD27X9EQJXI3XR759G6BV","A35T6IAX6MHNHC","Approved","Sun Nov 24 23:43:31 PST 2019","Mon Nov 25 00:12:57 PST 2019","Thu Nov 28 00:12:57 PST 2019","Mon Nov 25 09:56:49 PST 2019","","","1766","100% (21/21)","100% (1/1)","100% (1/1)","COMPL3T3"
"33EEIIWHK75749SAJ6XEMU6GJGDVQ7","3BKZR1PB4HBK47NXZMBQYW7UQWWK6V","Answer questions about mobile app privacy","Answer a few questions about mobile app privacy","mobile, app, privacy","$2.00","Sun Nov 24 19:48:45 PST 2019","100","BatchId:3847811;OriginalHitTemplateId:920937340;","3600","259200","Sun Dec 01 19:48:45 PST 2019","","","3CFVK00FWMJEK6VQHWMCH0NCH3PL6S","A3DZGDF9HCTAOB","Approved","Sun Nov 24 21:53:39 PST 2019","Sun Nov 24 21:57:10 PST 2019","Wed Nov 27 21:57:10 PST 2019","Mon Nov 25 09:56:49 PST 2019","","","211","100% (1/1)","100% (1/1)","100% (1/1)","COMPL3T3"
"33EEIIWHK75749SAJ6XEMU6GJGDVQ7","3BKZR1PB4HBK47NXZMBQYW7UQWWK6V","Answer questions about mobile app privacy","Answer a few questions about mobile app privacy","mobile, app, privacy","$2.00","Sun Nov 24 19:48:45 PST 2019","100","BatchId:3847811;OriginalHitTemplateId:920937340;","3600","259200","Sun Dec 01 19:48:45 PST 2019","","","3CTOC39K38ORTGLVXLFR7ZAG8P3J7M","A2E9NUZZ4S2VJ9","Approved","Sun Nov 24 21:39:09 PST 2019","Sun Nov 24 21:43:17 PST 2019","Wed Nov 27 21:43:17 PST 2019","Mon Nov 25 09:56:49 PST 2019","","","248","100% (1/1)","100% (1/1)","100% (1/1)","COMPL3T3"
"33EEIIWHK75749SAJ6XEMU6GJGDVQ7","3BKZR1PB4HBK47NXZMBQYW7UQWWK6V","Answer questions about mobile app privacy","Answer a few questions about mobile app privacy","mobile, app, privacy","$2.00","Sun Nov 24 19:48:45 PST 2019","100","BatchId:3847811;OriginalHitTemplateId:920937340;","3600","259200","Sun Dec 01 19:48:45 PST 2019","","","3DBQWDE4Y7W8P2YXOQSM2MD1Q3A5NU","A1R8A1ZKR80MRA","Approved","Sun Nov 24 21:07:59 PST 2019","Sun Nov 24 21:10:50 PST 2019","Wed Nov 27 21:10:50 PST 2019","Mon Nov 25 09:56:50 PST 2019","","","171","100% (1/1)","100% (1/1)","100% (1/1)","COMPL3T3"
"33EEIIWHK75749SAJ6XEMU6GJGDVQ7","3BKZR1PB4HBK47NXZMBQYW7UQWWK6V","Answer questions about mobile app privacy","Answer a few questions about mobile app privacy","mobile, app, privacy","$2.00","Sun Nov 24 19:48:45 PST 2019","100","BatchId:3847811;OriginalHitTemplateId:920937340;","3600","259200","Sun Dec 01 19:48:45 PST 2019","","","3DH6GAKTYZN08FM02G8D86I3VMDZYC","A1NF6PELRKACS9","Approved","Sun Nov 24 19:49:14 PST 2019","Sun Nov 24 19:51:31 PST 2019","Wed Nov 27 19:51:31 PST 2019","Mon Nov 25 09:56:50 PST 2019","","","137","100% (1/1)","100% (1/1)","100% (1/1)","COMPL3T3"
"33EEIIWHK75749SAJ6XEMU6GJGDVQ7","3BKZR1PB4HBK47NXZMBQYW7UQWWK6V","Answer questions about mobile app privacy","Answer a few questions about mobile app privacy","mobile, app, privacy","$2.00","Sun Nov 24 19:48:45 PST 2019","100","BatchId:3847811;OriginalHitTemplateId:920937340;","3600","259200","Sun Dec 01 19:48:45 PST 2019","","","3DHE4R9OCX9AGDYOJ3DTEV1S5HRG2Q","A3QMAS3KVQTPW0","Approved","Sun Nov 24 20:10:52 PST 2019","Sun Nov 24 20:13:49 PST 2019","Wed Nov 27 20:13:49 PST 2019","Mon Nov 25 09:56:50 PST 2019","","","177","100% (1/1)","100% (1/1)","100% (1/1)","COMPL3T3"
"33EEIIWHK75749SAJ6XEMU6GJGDVQ7","3BKZR1PB4HBK47NXZMBQYW7UQWWK6V","Answer questions about mobile app privacy","Answer a few questions about mobile app privacy","mobile, app, privacy","$2.00","Sun Nov 24 19:48:45 PST 2019","100","BatchId:3847811;OriginalHitTemplateId:920937340;","3600","259200","Sun Dec 01 19:48:45 PST 2019","","","3DIP6YHAPDQNIE4MTPW6OJTJE1G8EG","AIQ1I6ODSIO56","Approved","Sun Nov 24 22:33:06 PST 2019","Sun Nov 24 22:36:11 PST 2019","Wed Nov 27 22:36:11 PST 2019","Mon Nov 25 09:56:50 PST 2019","","","185","100% (1/1)","100% (1/1)","100% (1/1)","COMPL3T3"
"33EEIIWHK75749SAJ6XEMU6GJGDVQ7","3BKZR1PB4HBK47NXZMBQYW7UQWWK6V","Answer questions about mobile app privacy","Answer a few questions about mobile app privacy","mobile, app, privacy","$2.00","Sun Nov 24 19:48:45 PST 2019","100","BatchId:3847811;OriginalHitTemplateId:920937340;","3600","259200","Sun Dec 01 19:48:45 PST 2019","","","3DYGAII7PM6XL9T8OXTH4MDNMETQPJ","A28A3HF3LSEIDT","Approved","Sun Nov 24 20:22:37 PST 2019","Sun Nov 24 20:56:16 PST 2019","Wed Nov 27 20:56:16 PST 2019","Mon Nov 25 09:56:50 PST 2019","","","2019","100% (2/2)","100% (2/2)","100% (2/2)","COMPL3T3"
"33EEIIWHK75749SAJ6XEMU6GJGDVQ7","3BKZR1PB4HBK47NXZMBQYW7UQWWK6V","Answer questions about mobile app privacy","Answer a few questions about mobile app privacy","mobile, app, privacy","$2.00","Sun Nov 24 19:48:45 PST 2019","100","BatchId:3847811;OriginalHitTemplateId:920937340;","3600","259200","Sun Dec 01 19:48:45 PST 2019","","","3E4GGUZ1T9PFIZU79UY8CNTLCY62KD","A3EZ0H07TSDAPW","Approved","Sun Nov 24 19:51:14 PST 2019","Sun Nov 24 20:04:50 PST 2019","Wed Nov 27 20:04:50 PST 2019","Mon Nov 25 09:56:50 PST 2019","","","816","100% (1/1)","100% (1/1)","100% (1/1)","COMPL3T3"
"33EEIIWHK75749SAJ6XEMU6GJGDVQ7","3BKZR1PB4HBK47NXZMBQYW7UQWWK6V","Answer questions about mobile app privacy","Answer a few questions about mobile app privacy","mobile, app, privacy","$2.00","Sun Nov 24 19:48:45 PST 2019","100","BatchId:3847811;OriginalHitTemplateId:920937340;","3600","259200","Sun Dec 01 19:48:45 PST 2019","","","3E7TUJ2EGDKI4D9W2MR0IX69YVPD99","A1S68DTVE9GU76","Approved","Sun Nov 24 20:47:10 PST 2019","Sun Nov 24 20:50:15 PST 2019","Wed Nov 27 20:50:15 PST 2019","Mon Nov 25 09:56:50 PST 2019","","","185","100% (1/1)","100% (1/1)","100% (1/1)","COMPL3T3"
"33EEIIWHK75749SAJ6XEMU6GJGDVQ7","3BKZR1PB4HBK47NXZMBQYW7UQWWK6V","Answer questions about mobile app privacy","Answer a few questions about mobile app privacy","mobile, app, privacy","$2.00","Sun Nov 24 19:48:45 PST 2019","100","BatchId:3847811;OriginalHitTemplateId:920937340;","3600","259200","Sun Dec 01 19:48:45 PST 2019","","","3EFE17QCRD3HL8AXXOAHQDQXIBESHF","A1G9ZIBMV5PLE2","Approved","Sun Nov 24 22:29:02 PST 2019","Sun Nov 24 22:32:14 PST 2019","Wed Nov 27 22:32:14 PST 2019","Mon Nov 25 09:56:51 PST 2019","","","192","100% (1/1)","100% (1/1)","100% (1/1)","COMPL3T3"
"33EEIIWHK75749SAJ6XEMU6GJGDVQ7","3BKZR1PB4HBK47NXZMBQYW7UQWWK6V","Answer questions about mobile app privacy","Answer a few questions about mobile app privacy","mobile, app, privacy","$2.00","Sun Nov 24 19:48:45 PST 2019","100","BatchId:3847811;OriginalHitTemplateId:920937340;","3600","259200","Sun Dec 01 19:48:45 PST 2019","","","3ERMJ6L4DZQHUORG0ISJNR2XCJRM7M","A1DOJTVB7GXJH7","Approved","Sun Nov 24 20:33:55 PST 2019","Sun Nov 24 20:36:26 PST 2019","Wed Nov 27 20:36:26 PST 2019","Mon Nov 25 09:56:51 PST 2019","","","151","100% (1/1)","100% (1/1)","100% (1/1)","COMPL3T3"
"33EEIIWHK75749SAJ6XEMU6GJGDVQ7","3BKZR1PB4HBK47NXZMBQYW7UQWWK6V","Answer questions about mobile app privacy","Answer a few questions about mobile app privacy","mobile, app, privacy","$2.00","Sun Nov 24 19:48:45 PST 2019","100","BatchId:3847811;OriginalHitTemplateId:920937340;","3600","259200","Sun Dec 01 19:48:45 PST 2019","","","3F1567XTNX3CTMD178XKIWD8HAB9Q7","A21EZISIJ3JPSW","Approved","Sun Nov 24 20:18:51 PST 2019","Sun Nov 24 20:50:50 PST 2019","Wed Nov 27 20:50:50 PST 2019","Mon Nov 25 09:56:51 PST 2019","","","1919","100% (1/1)","100% (1/1)","100% (1/1)","COMPL3T3"
"33EEIIWHK75749SAJ6XEMU6GJGDVQ7","3BKZR1PB4HBK47NXZMBQYW7UQWWK6V","Answer questions about mobile app privacy","Answer a few questions about mobile app privacy","mobile, app, privacy","$2.00","Sun Nov 24 19:48:45 PST 2019","100","BatchId:3847811;OriginalHitTemplateId:920937340;","3600","259200","Sun Dec 01 19:48:45 PST 2019","","","3F6KKYWMNCZ3TFDQ3WA50Y1T3KEDNG","A13XXMDHOULEZ7","Approved","Sun Nov 24 22:43:21 PST 2019","Sun Nov 24 23:04:42 PST 2019","Wed Nov 27 23:04:42 PST 2019","Mon Nov 25 09:56:51 PST 2019","","","1281","100% (3/3)","100% (1/1)","100% (1/1)","COMPL3T3"
"33EEIIWHK75749SAJ6XEMU6GJGDVQ7","3BKZR1PB4HBK47NXZMBQYW7UQWWK6V","Answer questions about mobile app privacy","Answer a few questions about mobile app privacy","mobile, app, privacy","$2.00","Sun Nov 24 19:48:45 PST 2019","100","BatchId:3847811;OriginalHitTemplateId:920937340;","3600","259200","Sun Dec 01 19:48:45 PST 2019","","","3FK0YFF9P0E2V1MLW8WQG11DPU9VV3","ARCTFQJD1DZ5R","Approved","Sun Nov 24 20:24:37 PST 2019","Sun Nov 24 20:58:39 PST 2019","Wed Nov 27 20:58:39 PST 2019","Mon Nov 25 09:56:51 PST 2019","","","2042","100% (2/2)","100% (2/2)","100% (2/2)","COMPL3T3"
"33EEIIWHK75749SAJ6XEMU6GJGDVQ7","3BKZR1PB4HBK47NXZMBQYW7UQWWK6V","Answer questions about mobile app privacy","Answer a few questions about mobile app privacy","mobile, app, privacy","$2.00","Sun Nov 24 19:48:45 PST 2019","100","BatchId:3847811;OriginalHitTemplateId:920937340;","3600","259200","Sun Dec 01 19:48:45 PST 2019","","","3G0WWMR1UWIXIOHV8IGP0X8SMZQQNL","A166A2M31CW2C7","Approved","Sun Nov 24 20:02:13 PST 2019","Sun Nov 24 20:09:25 PST 2019","Wed Nov 27 20:09:25 PST 2019","Mon Nov 25 09:56:51 PST 2019","","","432","100% (1/1)","100% (1/1)","100% (1/1)","COMPL3T3"
"33EEIIWHK75749SAJ6XEMU6GJGDVQ7","3BKZR1PB4HBK47NXZMBQYW7UQWWK6V","Answer questions about mobile app privacy","Answer a few questions about mobile app privacy","mobile, app, privacy","$2.00","Sun Nov 24 19:48:45 PST 2019","100","BatchId:3847811;OriginalHitTemplateId:920937340;","3600","259200","Sun Dec 01 19:48:45 PST 2019","","","3G5W44VEU8G5XT2E89JXERNMMHBGKA","A2YE7NBCK14VAQ","Approved","Sun Nov 24 19:54:59 PST 2019","Sun Nov 24 19:59:56 PST 2019","Wed Nov 27 19:59:56 PST 2019","Mon Nov 25 09:56:51 PST 2019","","","297","100% (1/1)","100% (1/1)","100% (1/1)","COMPL3T3"
"33EEIIWHK75749SAJ6XEMU6GJGDVQ7","3BKZR1PB4HBK47NXZMBQYW7UQWWK6V","Answer questions about mobile app privacy","Answer a few questions about mobile app privacy","mobile, app, privacy","$2.00","Sun Nov 24 19:48:45 PST 2019","100","BatchId:3847811;OriginalHitTemplateId:920937340;","3600","259200","Sun Dec 01 19:48:45 PST 2019","","","3GLB5JMZFYTXJNW4GSXAAESW28GGDZ","A1KGCOR8OXYR72","Approved","Sun Nov 24 20:11:52 PST 2019","Sun Nov 24 20:17:36 PST 2019","Wed Nov 27 20:17:36 PST 2019","Mon Nov 25 09:56:51 PST 2019","","","344","100% (1/1)","100% (1/1)","100% (1/1)","COMPL3T3"
"33EEIIWHK75749SAJ6XEMU6GJGDVQ7","3BKZR1PB4HBK47NXZMBQYW7UQWWK6V","Answer questions about mobile app privacy","Answer a few questions about mobile app privacy","mobile, app, privacy","$2.00","Sun Nov 24 19:48:45 PST 2019","100","BatchId:3847811;OriginalHitTemplateId:920937340;","3600","259200","Sun Dec 01 19:48:45 PST 2019","","","3GM6G9ZBKOV4SMONDLVKSNUF1GSMT8","A2E6G3YGPG97B6","Approved","Sun Nov 24 22:54:09 PST 2019","Sun Nov 24 23:01:57 PST 2019","Wed Nov 27 23:01:57 PST 2019","Mon Nov 25 09:56:52 PST 2019","","","468","100% (1/1)","100% (1/1)","100% (1/1)","COMPL3T3"
"33EEIIWHK75749SAJ6XEMU6GJGDVQ7","3BKZR1PB4HBK47NXZMBQYW7UQWWK6V","Answer questions about mobile app privacy","Answer a few questions about mobile app privacy","mobile, app, privacy","$2.00","Sun Nov 24 19:48:45 PST 2019","100","BatchId:3847811;OriginalHitTemplateId:920937340;","3600","259200","Sun Dec 01 19:48:45 PST 2019","","","3GS6S824SRV22LDHKRFVSMQEA09NWO","A7ECZAYZXAL3W","Approved","Sun Nov 24 20:23:03 PST 2019","Sun Nov 24 20:56:18 PST 2019","Wed Nov 27 20:56:18 PST 2019","Mon Nov 25 09:56:52 PST 2019","","","1995","100% (2/2)","100% (2/2)","100% (2/2)","COMPL3T3"
"33EEIIWHK75749SAJ6XEMU6GJGDVQ7","3BKZR1PB4HBK47NXZMBQYW7UQWWK6V","Answer questions about mobile app privacy","Answer a few questions about mobile app privacy","mobile, app, privacy","$2.00","Sun Nov 24 19:48:45 PST 2019","100","BatchId:3847811;OriginalHitTemplateId:920937340;","3600","259200","Sun Dec 01 19:48:45 PST 2019","","","3HMIGG0U4M4LOJLDTQ80VMLZWDK8YU","A2VN3OJKI3R6HE","Approved","Sun Nov 24 22:16:42 PST 2019","Sun Nov 24 22:19:01 PST 2019","Wed Nov 27 22:19:01 PST 2019","Mon Nov 25 09:56:52 PST 2019","","","139","100% (1/1)","100% (1/1)","100% (1/1)","COMPL3T3"
"33EEIIWHK75749SAJ6XEMU6GJGDVQ7","3BKZR1PB4HBK47NXZMBQYW7UQWWK6V","Answer questions about mobile app privacy","Answer a few questions about mobile app privacy","mobile, app, privacy","$2.00","Sun Nov 24 19:48:45 PST 2019","100","BatchId:3847811;OriginalHitTemplateId:920937340;","3600","259200","Sun Dec 01 19:48:45 PST 2019","","","3HPZF4IVNNRN0MBQA2O5X8HIM42CY1","ALLP45O3BDWYM","Approved","Sun Nov 24 21:29:07 PST 2019","Sun Nov 24 21:30:43 PST 2019","Wed Nov 27 21:30:43 PST 2019","Mon Nov 25 09:56:52 PST 2019","","","96","100% (1/1)","100% (1/1)","100% (1/1)","COMPL3T3"
"33EEIIWHK75749SAJ6XEMU6GJGDVQ7","3BKZR1PB4HBK47NXZMBQYW7UQWWK6V","Answer questions about mobile app privacy","Answer a few questions about mobile app privacy","mobile, app, privacy","$2.00","Sun Nov 24 19:48:45 PST 2019","100","BatchId:3847811;OriginalHitTemplateId:920937340;","3600","259200","Sun Dec 01 19:48:45 PST 2019","","","3HYA4D452SH42D2T8J7BWA1G42T2FF","A36QYJDZBOQ5PQ","Approved","Sun Nov 24 20:28:24 PST 2019","Sun Nov 24 20:33:02 PST 2019","Wed Nov 27 20:33:02 PST 2019","Mon Nov 25 09:56:52 PST 2019","","","278","100% (1/1)","100% (1/1)","100% (1/1)","COMPL3T3"
"33EEIIWHK75749SAJ6XEMU6GJGDVQ7","3BKZR1PB4HBK47NXZMBQYW7UQWWK6V","Answer questions about mobile app privacy","Answer a few questions about mobile app privacy","mobile, app, privacy","$2.00","Sun Nov 24 19:48:45 PST 2019","100","BatchId:3847811;OriginalHitTemplateId:920937340;","3600","259200","Sun Dec 01 19:48:45 PST 2019","","","3IGI0VL648IUXC4FT5OLBSDS7Y8ONB","AHPOH7GFQK14J","Approved","Sun Nov 24 20:04:52 PST 2019","Sun Nov 24 20:51:11 PST 2019","Wed Nov 27 20:51:11 PST 2019","Mon Nov 25 09:56:52 PST 2019","","","2779","100% (1/1)","100% (1/1)","100% (1/1)","COMPL3T3"
"33EEIIWHK75749SAJ6XEMU6GJGDVQ7","3BKZR1PB4HBK47NXZMBQYW7UQWWK6V","Answer questions about mobile app privacy","Answer a few questions about mobile app privacy","mobile, app, privacy","$2.00","Sun Nov 24 19:48:45 PST 2019","100","BatchId:3847811;OriginalHitTemplateId:920937340;","3600","259200","Sun Dec 01 19:48:45 PST 2019","","","3IQ1VMJRYUIK666KIC0YSWY3DSPA91","AQD91RFHV1WNE","Approved","Sun Nov 24 20:20:10 PST 2019","Sun Nov 24 20:51:41 PST 2019","Wed Nov 27 20:51:41 PST 2019","Mon Nov 25 09:56:52 PST 2019","","","1891","100% (2/2)","100% (2/2)","100% (2/2)","COMPL3T3"
"33EEIIWHK75749SAJ6XEMU6GJGDVQ7","3BKZR1PB4HBK47NXZMBQYW7UQWWK6V","Answer questions about mobile app privacy","Answer a few questions about mobile app privacy","mobile, app, privacy","$2.00","Sun Nov 24 19:48:45 PST 2019","100","BatchId:3847811;OriginalHitTemplateId:920937340;","3600","259200","Sun Dec 01 19:48:45 PST 2019","","","3IXEICO793H23J3VQ5O33RXTBG06T5","A1XO6ONCCTBMKW","Approved","Sun Nov 24 19:55:29 PST 2019","Sun Nov 24 19:57:41 PST 2019","Wed Nov 27 19:57:41 PST 2019","Mon Nov 25 09:56:52 PST 2019","","","132","100% (1/1)","100% (1/1)","100% (1/1)","COMPL3T3"
"33EEIIWHK75749SAJ6XEMU6GJGDVQ7","3BKZR1PB4HBK47NXZMBQYW7UQWWK6V","Answer questions about mobile app privacy","Answer a few questions about mobile app privacy","mobile, app, privacy","$2.00","Sun Nov 24 19:48:45 PST 2019","100","BatchId:3847811;OriginalHitTemplateId:920937340;","3600","259200","Sun Dec 01 19:48:45 PST 2019","","","3JAOYWH7VJ212PXOF3PO1AEE749L9F","A272A0JGRTBFCR","Approved","Mon Nov 25 01:52:52 PST 2019","Mon Nov 25 02:09:19 PST 2019","Thu Nov 28 02:09:19 PST 2019","Mon Nov 25 09:56:53 PST 2019","","","987","100% (1/1)","100% (1/1)","100% (1/1)","COMPL3T3"
"33EEIIWHK75749SAJ6XEMU6GJGDVQ7","3BKZR1PB4HBK47NXZMBQYW7UQWWK6V","Answer questions about mobile app privacy","Answer a few questions about mobile app privacy","mobile, app, privacy","$2.00","Sun Nov 24 19:48:45 PST 2019","100","BatchId:3847811;OriginalHitTemplateId:920937340;","3600","259200","Sun Dec 01 19:48:45 PST 2019","","","3JJVG1YBECV6OT90L0NDBRD79E55BE","A25OEVVN0293PO","Approved","Sun Nov 24 23:37:03 PST 2019","Mon Nov 25 00:07:46 PST 2019","Thu Nov 28 00:07:46 PST 2019","Mon Nov 25 09:56:53 PST 2019","","","1843","100% (1/1)","100% (1/1)","100% (1/1)","COMPL3T3"
"33EEIIWHK75749SAJ6XEMU6GJGDVQ7","3BKZR1PB4HBK47NXZMBQYW7UQWWK6V","Answer questions about mobile app privacy","Answer a few questions about mobile app privacy","mobile, app, privacy","$2.00","Sun Nov 24 19:48:45 PST 2019","100","BatchId:3847811;OriginalHitTemplateId:920937340;","3600","259200","Sun Dec 01 19:48:45 PST 2019","","","3JMSRU9HQJSLTQ0Z1I7GGXDRPZ7EVH","A2B8HPIZDKYKDR","Approved","Sun Nov 24 20:26:42 PST 2019","Sun Nov 24 20:28:40 PST 2019","Wed Nov 27 20:28:40 PST 2019","Mon Nov 25 09:56:53 PST 2019","","","118","100% (1/1)","100% (1/1)","100% (1/1)","COMPL3T3"
"33EEIIWHK75749SAJ6XEMU6GJGDVQ7","3BKZR1PB4HBK47NXZMBQYW7UQWWK6V","Answer questions about mobile app privacy","Answer a few questions about mobile app privacy","mobile, app, privacy","$2.00","Sun Nov 24 19:48:45 PST 2019","100","BatchId:3847811;OriginalHitTemplateId:920937340;","3600","259200","Sun Dec 01 19:48:45 PST 2019","","","3K5TEWLKGW9X9V2LX1X71CBJHSAVI3","A2RHLZO74ZXQV3","Approved","Sun Nov 24 19:52:36 PST 2019","Sun Nov 24 19:54:03 PST 2019","Wed Nov 27 19:54:03 PST 2019","Mon Nov 25 09:56:53 PST 2019","","","87","100% (84/84)","100% (1/1)","100% (1/1)","COMPL3T3"
"33EEIIWHK75749SAJ6XEMU6GJGDVQ7","3BKZR1PB4HBK47NXZMBQYW7UQWWK6V","Answer questions about mobile app privacy","Answer a few questions about mobile app privacy","mobile, app, privacy","$2.00","Sun Nov 24 19:48:45 PST 2019","100","BatchId:3847811;OriginalHitTemplateId:920937340;","3600","259200","Sun Dec 01 19:48:45 PST 2019","","","3KXIR214I5EU4X54O2BS564PFCI24P","A7NZ814Q5MX2R","Approved","Sun Nov 24 20:09:20 PST 2019","Sun Nov 24 20:14:35 PST 2019","Wed Nov 27 20:14:35 PST 2019","Mon Nov 25 09:56:53 PST 2019","","","315","100% (1/1)","100% (1/1)","100% (1/1)","COMPL3T3"
"33EEIIWHK75749SAJ6XEMU6GJGDVQ7","3BKZR1PB4HBK47NXZMBQYW7UQWWK6V","Answer questions about mobile app privacy","Answer a few questions about mobile app privacy","mobile, app, privacy","$2.00","Sun Nov 24 19:48:45 PST 2019","100","BatchId:3847811;OriginalHitTemplateId:920937340;","3600","259200","Sun Dec 01 19:48:45 PST 2019","","","3L70J4KAZHKW9WJ1US50ESHT4D4ADI","A20VJWCDIBKTZI","Approved","Sun Nov 24 20:20:24 PST 2019","Sun Nov 24 20:56:11 PST 2019","Wed Nov 27 20:56:11 PST 2019","Mon Nov 25 09:56:53 PST 2019","","","2147","100% (2/2)","100% (2/2)","100% (2/2)","COMPL3T3"
"33EEIIWHK75749SAJ6XEMU6GJGDVQ7","3BKZR1PB4HBK47NXZMBQYW7UQWWK6V","Answer questions about mobile app privacy","Answer a few questions about mobile app privacy","mobile, app, privacy","$2.00","Sun Nov 24 19:48:45 PST 2019","100","BatchId:3847811;OriginalHitTemplateId:920937340;","3600","259200","Sun Dec 01 19:48:45 PST 2019","","","3LKC68YZ3B1KK6DTL6F87BQJ0AOWOM","A2OAZPREKF6PQR","Approved","Sun Nov 24 22:25:23 PST 2019","Sun Nov 24 22:30:30 PST 2019","Wed Nov 27 22:30:30 PST 2019","Mon Nov 25 09:56:53 PST 2019","","","307","100% (130/130)","100% (1/1)","100% (1/1)","COMPL3T3"
"33EEIIWHK75749SAJ6XEMU6GJGDVQ7","3BKZR1PB4HBK47NXZMBQYW7UQWWK6V","Answer questions about mobile app privacy","Answer a few questions about mobile app privacy","mobile, app, privacy","$2.00","Sun Nov 24 19:48:45 PST 2019","100","BatchId:3847811;OriginalHitTemplateId:920937340;","3600","259200","Sun Dec 01 19:48:45 PST 2019","","","3LO69W1SU4BGHZKWT9VYTR01BHNLGP","A1NP3XGUAKE96X","Approved","Sun Nov 24 21:01:54 PST 2019","Sun Nov 24 21:04:54 PST 2019","Wed Nov 27 21:04:54 PST 2019","Mon Nov 25 09:56:53 PST 2019","","","180","100% (1/1)","100% (1/1)","100% (1/1)","COMPL3T3"
"33EEIIWHK75749SAJ6XEMU6GJGDVQ7","3BKZR1PB4HBK47NXZMBQYW7UQWWK6V","Answer questions about mobile app privacy","Answer a few questions about mobile app privacy","mobile, app, privacy","$2.00","Sun Nov 24 19:48:45 PST 2019","100","BatchId:3847811;OriginalHitTemplateId:920937340;","3600","259200","Sun Dec 01 19:48:45 PST 2019","","","3LYA37P8IRL96CU3SNRJDGWP64KBKP","ALQ7GPHT431Q2","Approved","Sun Nov 24 20:04:02 PST 2019","Sun Nov 24 20:06:08 PST 2019","Wed Nov 27 20:06:08 PST 2019","Mon Nov 25 09:56:54 PST 2019","","","126","100% (1/1)","100% (1/1)","100% (1/1)","COMPL3T3"
"33EEIIWHK75749SAJ6XEMU6GJGDVQ7","3BKZR1PB4HBK47NXZMBQYW7UQWWK6V","Answer questions about mobile app privacy","Answer a few questions about mobile app privacy","mobile, app, privacy","$2.00","Sun Nov 24 19:48:45 PST 2019","100","BatchId:3847811;OriginalHitTemplateId:920937340;","3600","259200","Sun Dec 01 19:48:45 PST 2019","","","3M68NM076I5PN4Q3MGJ83CWBNV3R6D","A1KF93C9NTOP42","Approved","Sun Nov 24 20:03:45 PST 2019","Sun Nov 24 20:14:34 PST 2019","Wed Nov 27 20:14:34 PST 2019","Mon Nov 25 09:56:54 PST 2019","","","649","100% (1/1)","100% (1/1)","100% (1/1)","COMPL3T3"
"33EEIIWHK75749SAJ6XEMU6GJGDVQ7","3BKZR1PB4HBK47NXZMBQYW7UQWWK6V","Answer questions about mobile app privacy","Answer a few questions about mobile app privacy","mobile, app, privacy","$2.00","Sun Nov 24 19:48:45 PST 2019","100","BatchId:3847811;OriginalHitTemplateId:920937340;","3600","259200","Sun Dec 01 19:48:45 PST 2019","","","3NGI5ARFTU39459R3I323L5FE2AP1W","AJDXSXAWDDAEO","Approved","Sun Nov 24 22:00:36 PST 2019","Sun Nov 24 22:03:37 PST 2019","Wed Nov 27 22:03:37 PST 2019","Mon Nov 25 09:56:54 PST 2019","","","181","100% (1/1)","100% (1/1)","100% (1/1)","COMPL3T3"
"33EEIIWHK75749SAJ6XEMU6GJGDVQ7","3BKZR1PB4HBK47NXZMBQYW7UQWWK6V","Answer questions about mobile app privacy","Answer a few questions about mobile app privacy","mobile, app, privacy","$2.00","Sun Nov 24 19:48:45 PST 2019","100","BatchId:3847811;OriginalHitTemplateId:920937340;","3600","259200","Sun Dec 01 19:48:45 PST 2019","","","3OB0CAO74INEHUM6WU268ZEYZWDHYL","A20PV3RB3I0W8S","Approved","Sun Nov 24 23:31:44 PST 2019","Mon Nov 25 00:12:39 PST 2019","Thu Nov 28 00:12:39 PST 2019","Mon Nov 25 09:56:54 PST 2019","","","2455","100% (1/1)","100% (1/1)","100% (1/1)","COMPL3T3"
"33EEIIWHK75749SAJ6XEMU6GJGDVQ7","3BKZR1PB4HBK47NXZMBQYW7UQWWK6V","Answer questions about mobile app privacy","Answer a few questions about mobile app privacy","mobile, app, privacy","$2.00","Sun Nov 24 19:48:45 PST 2019","100","BatchId:3847811;OriginalHitTemplateId:920937340;","3600","259200","Sun Dec 01 19:48:45 PST 2019","","","3OE22WJIGJMADE145JSBES0MUVRQUL","A4T7PYGN1BE2P","Approved","Sun Nov 24 21:23:07 PST 2019","Sun Nov 24 21:25:44 PST 2019","Wed Nov 27 21:25:44 PST 2019","Mon Nov 25 09:56:54 PST 2019","","","157","100% (1/1)","100% (1/1)","100% (1/1)","COMPL3T3"
"33EEIIWHK75749SAJ6XEMU6GJGDVQ7","3BKZR1PB4HBK47NXZMBQYW7UQWWK6V","Answer questions about mobile app privacy","Answer a few questions about mobile app privacy","mobile, app, privacy","$2.00","Sun Nov 24 19:48:45 PST 2019","100","BatchId:3847811;OriginalHitTemplateId:920937340;","3600","259200","Sun Dec 01 19:48:45 PST 2019","","","3OUYGIZWR8W9XGO97ZZ2PGM59A50P5","ARTQWWNFA7IOD","Approved","Sun Nov 24 22:12:45 PST 2019","Sun Nov 24 22:15:47 PST 2019","Wed Nov 27 22:15:47 PST 2019","Mon Nov 25 09:56:54 PST 2019","","","182","100% (1/1)","100% (1/1)","100% (1/1)","COMPL3T3"
"33EEIIWHK75749SAJ6XEMU6GJGDVQ7","3BKZR1PB4HBK47NXZMBQYW7UQWWK6V","Answer questions about mobile app privacy","Answer a few questions about mobile app privacy","mobile, app, privacy","$2.00","Sun Nov 24 19:48:45 PST 2019","100","BatchId:3847811;OriginalHitTemplateId:920937340;","3600","259200","Sun Dec 01 19:48:45 PST 2019","","","3PQMUDRV7S4SNPILYUYOMNLP9QKIIZ","A30YUELTPFSF0T","Approved","Sun Nov 24 20:47:07 PST 2019","Sun Nov 24 20:50:58 PST 2019","Wed Nov 27 20:50:58 PST 2019","Mon Nov 25 09:56:54 PST 2019","","","231","100% (1/1)","100% (1/1)","100% (1/1)","COMPL3T3"
"33EEIIWHK75749SAJ6XEMU6GJGDVQ7","3BKZR1PB4HBK47NXZMBQYW7UQWWK6V","Answer questions about mobile app privacy","Answer a few questions about mobile app privacy","mobile, app, privacy","$2.00","Sun Nov 24 19:48:45 PST 2019","100","BatchId:3847811;OriginalHitTemplateId:920937340;","3600","259200","Sun Dec 01 19:48:45 PST 2019","","","3Q5C1WP23NZ5BVR8J3UO5F0YN2B15O","AEWGY34WUIA32","Approved","Sun Nov 24 22:39:35 PST 2019","Sun Nov 24 23:06:31 PST 2019","Wed Nov 27 23:06:31 PST 2019","Mon Nov 25 09:56:54 PST 2019","","","1616","100% (2/2)","100% (1/1)","100% (1/1)","COMPL3T3"
"33EEIIWHK75749SAJ6XEMU6GJGDVQ7","3BKZR1PB4HBK47NXZMBQYW7UQWWK6V","Answer questions about mobile app privacy","Answer a few questions about mobile app privacy","mobile, app, privacy","$2.00","Sun Nov 24 19:48:45 PST 2019","100","BatchId:3847811;OriginalHitTemplateId:920937340;","3600","259200","Sun Dec 01 19:48:45 PST 2019","","","3Q8GYXHFEQ0PYY16Z0J8MBJPRZO5C4","A1UC5HHLB8VIJE","Approved","Sun Nov 24 19:50:32 PST 2019","Sun Nov 24 19:52:40 PST 2019","Wed Nov 27 19:52:40 PST 2019","Mon Nov 25 09:56:55 PST 2019","","","128","100% (1/1)","100% (1/1)","100% (1/1)","COMPL3T3"
"33EEIIWHK75749SAJ6XEMU6GJGDVQ7","3BKZR1PB4HBK47NXZMBQYW7UQWWK6V","Answer questions about mobile app privacy","Answer a few questions about mobile app privacy","mobile, app, privacy","$2.00","Sun Nov 24 19:48:45 PST 2019","100","BatchId:3847811;OriginalHitTemplateId:920937340;","3600","259200","Sun Dec 01 19:48:45 PST 2019","","","3QY7M81QH8KM40RDF6F38EATNEUK7D","A1P3Z24Y6GRNVA","Approved","Sun Nov 24 20:08:43 PST 2019","Sun Nov 24 20:17:55 PST 2019","Wed Nov 27 20:17:55 PST 2019","Mon Nov 25 09:56:55 PST 2019","","","552","100% (2/2)","100% (2/2)","100% (2/2)","COMPL3T3"
"33EEIIWHK75749SAJ6XEMU6GJGDVQ7","3BKZR1PB4HBK47NXZMBQYW7UQWWK6V","Answer questions about mobile app privacy","Answer a few questions about mobile app privacy","mobile, app, privacy","$2.00","Sun Nov 24 19:48:45 PST 2019","100","BatchId:3847811;OriginalHitTemplateId:920937340;","3600","259200","Sun Dec 01 19:48:45 PST 2019","","","3R2PKQ87NX6EJ88CJ9WGEGS6QZ4IMF","AK8ONB60Q4RJ5","Approved","Sun Nov 24 20:47:30 PST 2019","Sun Nov 24 20:50:41 PST 2019","Wed Nov 27 20:50:41 PST 2019","Mon Nov 25 09:56:55 PST 2019","","","191","100% (1/1)","100% (1/1)","100% (1/1)","COMPL3T3"
"33EEIIWHK75749SAJ6XEMU6GJGDVQ7","3BKZR1PB4HBK47NXZMBQYW7UQWWK6V","Answer questions about mobile app privacy","Answer a few questions about mobile app privacy","mobile, app, privacy","$2.00","Sun Nov 24 19:48:45 PST 2019","100","BatchId:3847811;OriginalHitTemplateId:920937340;","3600","259200","Sun Dec 01 19:48:45 PST 2019","","","3R2UR8A0IBEZ96IJVBBU9U4Q9CHOXU","A1SWV4X4PD25S1","Approved","Sun Nov 24 19:55:53 PST 2019","Sun Nov 24 19:58:43 PST 2019","Wed Nov 27 19:58:43 PST 2019","Mon Nov 25 09:56:55 PST 2019","","","170","100% (1/1)","100% (1/1)","100% (1/1)","COMPL3T3"
"33EEIIWHK75749SAJ6XEMU6GJGDVQ7","3BKZR1PB4HBK47NXZMBQYW7UQWWK6V","Answer questions about mobile app privacy","Answer a few questions about mobile app privacy","mobile, app, privacy","$2.00","Sun Nov 24 19:48:45 PST 2019","100","BatchId:3847811;OriginalHitTemplateId:920937340;","3600","259200","Sun Dec 01 19:48:45 PST 2019","","","3R6P78PK7L940CS12IXPFIAI5UGTG7","A1LOD3LNX7FUPJ","Approved","Sun Nov 24 22:56:29 PST 2019","Sun Nov 24 23:17:50 PST 2019","Wed Nov 27 23:17:50 PST 2019","Mon Nov 25 09:56:55 PST 2019","","","1281","100% (2/2)","100% (2/2)","100% (2/2)","COMPL3T3"
"33EEIIWHK75749SAJ6XEMU6GJGDVQ7","3BKZR1PB4HBK47NXZMBQYW7UQWWK6V","Answer questions about mobile app privacy","Answer a few questions about mobile app privacy","mobile, app, privacy","$2.00","Sun Nov 24 19:48:45 PST 2019","100","BatchId:3847811;OriginalHitTemplateId:920937340;","3600","259200","Sun Dec 01 19:48:45 PST 2019","","","3RGU30DZTB6AEJSI1RHGQH763ESMJU","A1R5W4RQZTROD8","Approved","Sun Nov 24 20:42:38 PST 2019","Sun Nov 24 20:44:50 PST 2019","Wed Nov 27 20:44:50 PST 2019","Mon Nov 25 09:56:55 PST 2019","","","132","100% (2/2)","100% (2/2)","100% (2/2)","COMPL3T3"
"33EEIIWHK75749SAJ6XEMU6GJGDVQ7","3BKZR1PB4HBK47NXZMBQYW7UQWWK6V","Answer questions about mobile app privacy","Answer a few questions about mobile app privacy","mobile, app, privacy","$2.00","Sun Nov 24 19:48:45 PST 2019","100","BatchId:3847811;OriginalHitTemplateId:920937340;","3600","259200","Sun Dec 01 19:48:45 PST 2019","","","3RRCEFRB7NAOSA507V436Z7T9ID4BB","A5V3ZMQI0PU3F","Approved","Mon Nov 25 00:47:34 PST 2019","Mon Nov 25 00:53:32 PST 2019","Thu Nov 28 00:53:32 PST 2019","Mon Nov 25 09:56:55 PST 2019","","","358","100% (1/1)","100% (1/1)","100% (1/1)","COMPL3T3"
"33EEIIWHK75749SAJ6XEMU6GJGDVQ7","3BKZR1PB4HBK47NXZMBQYW7UQWWK6V","Answer questions about mobile app privacy","Answer a few questions about mobile app privacy","mobile, app, privacy","$2.00","Sun Nov 24 19:48:45 PST 2019","100","BatchId:3847811;OriginalHitTemplateId:920937340;","3600","259200","Sun Dec 01 19:48:45 PST 2019","","","3RSDURM96BK2XKV46TU0NWHL7G5EYM","A21HDHQPENLF2X","Approved","Sun Nov 24 19:49:15 PST 2019","Sun Nov 24 19:58:04 PST 2019","Wed Nov 27 19:58:04 PST 2019","Mon Nov 25 09:56:55 PST 2019","","","529","100% (1/1)","100% (1/1)","100% (1/1)","COMPL3T3"
"33EEIIWHK75749SAJ6XEMU6GJGDVQ7","3BKZR1PB4HBK47NXZMBQYW7UQWWK6V","Answer questions about mobile app privacy","Answer a few questions about mobile app privacy","mobile, app, privacy","$2.00","Sun Nov 24 19:48:45 PST 2019","100","BatchId:3847811;OriginalHitTemplateId:920937340;","3600","259200","Sun Dec 01 19:48:45 PST 2019","","","3S4AW7T80CG05JRCY8TXK23YLC74LE","A4J4GGMKJ68L0","Approved","Sun Nov 24 19:49:11 PST 2019","Sun Nov 24 20:08:13 PST 2019","Wed Nov 27 20:08:13 PST 2019","Mon Nov 25 09:56:56 PST 2019","","","1142","100% (2/2)","100% (2/2)","100% (1/1)","COMPL3T3"
"33EEIIWHK75749SAJ6XEMU6GJGDVQ7","3BKZR1PB4HBK47NXZMBQYW7UQWWK6V","Answer questions about mobile app privacy","Answer a few questions about mobile app privacy","mobile, app, privacy","$2.00","Sun Nov 24 19:48:45 PST 2019","100","BatchId:3847811;OriginalHitTemplateId:920937340;","3600","259200","Sun Dec 01 19:48:45 PST 2019","","","3SB4CE2TJWTA72OILS6C8ZKLKVJXAA","A353KETOEN0W8T","Approved","Sun Nov 24 20:56:22 PST 2019","Sun Nov 24 21:04:19 PST 2019","Wed Nov 27 21:04:19 PST 2019","Mon Nov 25 09:56:56 PST 2019","","","477","100% (1/1)","100% (1/1)","100% (1/1)","COMPL3T3"
"33EEIIWHK75749SAJ6XEMU6GJGDVQ7","3BKZR1PB4HBK47NXZMBQYW7UQWWK6V","Answer questions about mobile app privacy","Answer a few questions about mobile app privacy","mobile, app, privacy","$2.00","Sun Nov 24 19:48:45 PST 2019","100","BatchId:3847811;OriginalHitTemplateId:920937340;","3600","259200","Sun Dec 01 19:48:45 PST 2019","","","3SITXWYCNW7FQCTAR6683A4R2DCBXR","A3QI1RV4HQ9MOC","Approved","Sun Nov 24 22:54:07 PST 2019","Sun Nov 24 23:28:22 PST 2019","Wed Nov 27 23:28:22 PST 2019","Mon Nov 25 09:56:56 PST 2019","","","2055","100% (1/1)","100% (1/1)","100% (1/1)","COMPL3T3"
"33EEIIWHK75749SAJ6XEMU6GJGDVQ7","3BKZR1PB4HBK47NXZMBQYW7UQWWK6V","Answer questions about mobile app privacy","Answer a few questions about mobile app privacy","mobile, app, privacy","$2.00","Sun Nov 24 19:48:45 PST 2019","100","BatchId:3847811;OriginalHitTemplateId:920937340;","3600","259200","Sun Dec 01 19:48:45 PST 2019","","","3SNLUL3WO5LZMHLRDEKFX61SKPWULS","A1NOINYD1FZ55T","Approved","Sun Nov 24 20:06:08 PST 2019","Sun Nov 24 20:08:42 PST 2019","Wed Nov 27 20:08:42 PST 2019","Mon Nov 25 09:56:56 PST 2019","","","154","100% (1/1)","100% (1/1)","100% (1/1)","COMPL3T3"
"33EEIIWHK75749SAJ6XEMU6GJGDVQ7","3BKZR1PB4HBK47NXZMBQYW7UQWWK6V","Answer questions about mobile app privacy","Answer a few questions about mobile app privacy","mobile, app, privacy","$2.00","Sun Nov 24 19:48:45 PST 2019","100","BatchId:3847811;OriginalHitTemplateId:920937340;","3600","259200","Sun Dec 01 19:48:45 PST 2019","","","3TAYZSBPLM6D6I7FE37A39KVTSL2SW","AAWX7QFQUNM6D","Approved","Sun Nov 24 20:11:17 PST 2019","Sun Nov 24 20:26:29 PST 2019","Wed Nov 27 20:26:29 PST 2019","Mon Nov 25 09:56:56 PST 2019","","","912","100% (4/4)","100% (1/1)","100% (1/1)","COMPL3T3"
"33EEIIWHK75749SAJ6XEMU6GJGDVQ7","3BKZR1PB4HBK47NXZMBQYW7UQWWK6V","Answer questions about mobile app privacy","Answer a few questions about mobile app privacy","mobile, app, privacy","$2.00","Sun Nov 24 19:48:45 PST 2019","100","BatchId:3847811;OriginalHitTemplateId:920937340;","3600","259200","Sun Dec 01 19:48:45 PST 2019","","","3TE22NPXPCA47BKRSGUGYL1NZQF44O","A8BGHKGBA8O33","Approved","Sun Nov 24 20:15:44 PST 2019","Sun Nov 24 20:17:42 PST 2019","Wed Nov 27 20:17:42 PST 2019","Mon Nov 25 09:56:56 PST 2019","","","118","100% (1/1)","100% (1/1)","100% (1/1)","COMPL3T3"
"33EEIIWHK75749SAJ6XEMU6GJGDVQ7","3BKZR1PB4HBK47NXZMBQYW7UQWWK6V","Answer questions about mobile app privacy","Answer a few questions about mobile app privacy","mobile, app, privacy","$2.00","Sun Nov 24 19:48:45 PST 2019","100","BatchId:3847811;OriginalHitTemplateId:920937340;","3600","259200","Sun Dec 01 19:48:45 PST 2019","","","3TU5ZICBREZCFHUR2GR6I0IXX448QS","A2QD9PJUKW7PKK","Approved","Sun Nov 24 22:37:06 PST 2019","Sun Nov 24 22:39:11 PST 2019","Wed Nov 27 22:39:11 PST 2019","Mon Nov 25 09:56:56 PST 2019","","","125","100% (2/2)","100% (1/1)","100% (1/1)","COMPL3T3"
"33EEIIWHK75749SAJ6XEMU6GJGDVQ7","3BKZR1PB4HBK47NXZMBQYW7UQWWK6V","Answer questions about mobile app privacy","Answer a few questions about mobile app privacy","mobile, app, privacy","$2.00","Sun Nov 24 19:48:45 PST 2019","100","BatchId:3847811;OriginalHitTemplateId:920937340;","3600","259200","Sun Dec 01 19:48:45 PST 2019","","","3TXD01ZLD5F3O9E67MLYBPZHY304U8","AI6VJYDFQ90ME","Approved","Sun Nov 24 20:49:26 PST 2019","Sun Nov 24 20:51:53 PST 2019","Wed Nov 27 20:51:53 PST 2019","Mon Nov 25 09:56:57 PST 2019","","","147","100% (1/1)","100% (1/1)","100% (1/1)","COMPL3T3"
"33EEIIWHK75749SAJ6XEMU6GJGDVQ7","3BKZR1PB4HBK47NXZMBQYW7UQWWK6V","Answer questions about mobile app privacy","Answer a few questions about mobile app privacy","mobile, app, privacy","$2.00","Sun Nov 24 19:48:45 PST 2019","100","BatchId:3847811;OriginalHitTemplateId:920937340;","3600","259200","Sun Dec 01 19:48:45 PST 2019","","","3TY7ZAOG5GI8MPRTU7UUTZ06F0RK0G","A3L3ZFL1NYFTCF","Approved","Sun Nov 24 20:43:55 PST 2019","Sun Nov 24 20:58:58 PST 2019","Wed Nov 27 20:58:58 PST 2019","Mon Nov 25 09:56:57 PST 2019","","","903","100% (1/1)","100% (1/1)","100% (1/1)","COMPL3T3"
"33EEIIWHK75749SAJ6XEMU6GJGDVQ7","3BKZR1PB4HBK47NXZMBQYW7UQWWK6V","Answer questions about mobile app privacy","Answer a few questions about mobile app privacy","mobile, app, privacy","$2.00","Sun Nov 24 19:48:45 PST 2019","100","BatchId:3847811;OriginalHitTemplateId:920937340;","3600","259200","Sun Dec 01 19:48:45 PST 2019","","","3TYCR1GOTDHG8GF1J1JNEYG7M7EZLP","A3SLY0SJLJZ0J1","Approved","Sun Nov 24 20:35:03 PST 2019","Sun Nov 24 20:55:35 PST 2019","Wed Nov 27 20:55:35 PST 2019","Mon Nov 25 09:56:57 PST 2019","","","1232","100% (2/2)","100% (2/2)","100% (2/2)","COMPL3T3"
"33EEIIWHK75749SAJ6XEMU6GJGDVQ7","3BKZR1PB4HBK47NXZMBQYW7UQWWK6V","Answer questions about mobile app privacy","Answer a few questions about mobile app privacy","mobile, app, privacy","$2.00","Sun Nov 24 19:48:45 PST 2019","100","BatchId:3847811;OriginalHitTemplateId:920937340;","3600","259200","Sun Dec 01 19:48:45 PST 2019","","","3U8YCDAGXQEUXSPO7CERPLCFE6R0QW","A54KH61CDVIB6","Approved","Sun Nov 24 22:13:02 PST 2019","Sun Nov 24 22:34:46 PST 2019","Wed Nov 27 22:34:46 PST 2019","Mon Nov 25 09:56:57 PST 2019","","","1304","100% (1/1)","100% (1/1)","100% (1/1)","COMPL3T3"
"33EEIIWHK75749SAJ6XEMU6GJGDVQ7","3BKZR1PB4HBK47NXZMBQYW7UQWWK6V","Answer questions about mobile app privacy","Answer a few questions about mobile app privacy","mobile, app, privacy","$2.00","Sun Nov 24 19:48:45 PST 2019","100","BatchId:3847811;OriginalHitTemplateId:920937340;","3600","259200","Sun Dec 01 19:48:45 PST 2019","","","3UOUJI6MTECUMB2GRXN380WFRY6XUH","A2IUT0610X9CV0","Approved","Sun Nov 24 20:04:12 PST 2019","Sun Nov 24 20:05:51 PST 2019","Wed Nov 27 20:05:51 PST 2019","Mon Nov 25 09:56:57 PST 2019","","","99","100% (1/1)","100% (1/1)","100% (1/1)","COMPL3T3"
"33EEIIWHK75749SAJ6XEMU6GJGDVQ7","3BKZR1PB4HBK47NXZMBQYW7UQWWK6V","Answer questions about mobile app privacy","Answer a few questions about mobile app privacy","mobile, app, privacy","$2.00","Sun Nov 24 19:48:45 PST 2019","100","BatchId:3847811;OriginalHitTemplateId:920937340;","3600","259200","Sun Dec 01 19:48:45 PST 2019","","","3URFVVM166GJR62VSFBO5LCQZY4UZB","A2ZFS2QYJKC83I","Approved","Sun Nov 24 20:07:25 PST 2019","Sun Nov 24 20:09:08 PST 2019","Wed Nov 27 20:09:08 PST 2019","Mon Nov 25 09:56:57 PST 2019","","","103","100% (1/1)","100% (1/1)","100% (1/1)","COMPL3T3"
"33EEIIWHK75749SAJ6XEMU6GJGDVQ7","3BKZR1PB4HBK47NXZMBQYW7UQWWK6V","Answer questions about mobile app privacy","Answer a few questions about mobile app privacy","mobile, app, privacy","$2.00","Sun Nov 24 19:48:45 PST 2019","100","BatchId:3847811;OriginalHitTemplateId:920937340;","3600","259200","Sun Dec 01 19:48:45 PST 2019","","","3VAR3R6G1QZ9U5HBN3Z2TVNXI3N8OL","A6FQHZ58DQ0S6","Approved","Sun Nov 24 23:01:10 PST 2019","Sun Nov 24 23:06:08 PST 2019","Wed Nov 27 23:06:08 PST 2019","Mon Nov 25 09:56:57 PST 2019","","","298","100% (1/1)","100% (1/1)","100% (1/1)","COMPL3T3"
"33EEIIWHK75749SAJ6XEMU6GJGDVQ7","3BKZR1PB4HBK47NXZMBQYW7UQWWK6V","Answer questions about mobile app privacy","Answer a few questions about mobile app privacy","mobile, app, privacy","$2.00","Sun Nov 24 19:48:45 PST 2019","100","BatchId:3847811;OriginalHitTemplateId:920937340;","3600","259200","Sun Dec 01 19:48:45 PST 2019","","","3VJ40NV2QJLSSP9ZQ1AXKRJKWGVTOI","A3BJTC39BU7R4V","Approved","Sun Nov 24 20:16:26 PST 2019","Sun Nov 24 20:29:45 PST 2019","Wed Nov 27 20:29:45 PST 2019","Mon Nov 25 09:56:57 PST 2019","","","799","100% (1/1)","100% (1/1)","100% (1/1)","COMPL3T3"
"33EEIIWHK75749SAJ6XEMU6GJGDVQ7","3BKZR1PB4HBK47NXZMBQYW7UQWWK6V","Answer questions about mobile app privacy","Answer a few questions about mobile app privacy","mobile, app, privacy","$2.00","Sun Nov 24 19:48:45 PST 2019","100","BatchId:3847811;OriginalHitTemplateId:920937340;","3600","259200","Sun Dec 01 19:48:45 PST 2019","","","3VSOLARPKC7KML7Z9XLO5OKX7I7398","A8TIL9U6YHG5","Approved","Sun Nov 24 22:10:55 PST 2019","Sun Nov 24 22:19:43 PST 2019","Wed Nov 27 22:19:43 PST 2019","Mon Nov 25 09:56:58 PST 2019","","","528","100% (1/1)","100% (1/1)","100% (1/1)","COMPL3T3"
"33EEIIWHK75749SAJ6XEMU6GJGDVQ7","3BKZR1PB4HBK47NXZMBQYW7UQWWK6V","Answer questions about mobile app privacy","Answer a few questions about mobile app privacy","mobile, app, privacy","$2.00","Sun Nov 24 19:48:45 PST 2019","100","BatchId:3847811;OriginalHitTemplateId:920937340;","3600","259200","Sun Dec 01 19:48:45 PST 2019","","","3VW04L3ZLU4M3FWBW2YQS7VJLGOXXA","A16X5FB3HAFCKN","Approved","Sun Nov 24 20:13:17 PST 2019","Sun Nov 24 20:21:47 PST 2019","Wed Nov 27 20:21:47 PST 2019","Mon Nov 25 09:56:58 PST 2019","","","510","100% (2/2)","100% (2/2)","100% (2/2)","COMPL3T3"
"33EEIIWHK75749SAJ6XEMU6GJGDVQ7","3BKZR1PB4HBK47NXZMBQYW7UQWWK6V","Answer questions about mobile app privacy","Answer a few questions about mobile app privacy","mobile, app, privacy","$2.00","Sun Nov 24 19:48:45 PST 2019","100","BatchId:3847811;OriginalHitTemplateId:920937340;","3600","259200","Sun Dec 01 19:48:45 PST 2019","","","3VZLGYJEYM8B8AWQXKMBPSBUTGSZXF","A2WGW5Y3ZFBDEC","Approved","Sun Nov 24 21:16:13 PST 2019","Sun Nov 24 21:40:14 PST 2019","Wed Nov 27 21:40:14 PST 2019","Mon Nov 25 09:56:58 PST 2019","","","1441","100% (2/2)","100% (2/2)","100% (2/2)","COMPL3T3"
"33EEIIWHK75749SAJ6XEMU6GJGDVQ7","3BKZR1PB4HBK47NXZMBQYW7UQWWK6V","Answer questions about mobile app privacy","Answer a few questions about mobile app privacy","mobile, app, privacy","$2.00","Sun Nov 24 19:48:45 PST 2019","100","BatchId:3847811;OriginalHitTemplateId:920937340;","3600","259200","Sun Dec 01 19:48:45 PST 2019","","","3W8CV64QJ3XZGTEYOIAQ9IL7QNNH9R","AJZBAP861F6X1","Approved","Sun Nov 24 21:39:10 PST 2019","Sun Nov 24 21:48:24 PST 2019","Wed Nov 27 21:48:24 PST 2019","Mon Nov 25 09:56:58 PST 2019","","","554","100% (1/1)","100% (1/1)","100% (1/1)","COMPL3T3"
"33EEIIWHK75749SAJ6XEMU6GJGDVQ7","3BKZR1PB4HBK47NXZMBQYW7UQWWK6V","Answer questions about mobile app privacy","Answer a few questions about mobile app privacy","mobile, app, privacy","$2.00","Sun Nov 24 19:48:45 PST 2019","100","BatchId:3847811;OriginalHitTemplateId:920937340;","3600","259200","Sun Dec 01 19:48:45 PST 2019","","","3WI0P0II62QO8D5IW3RM9I634HRRD6","A5LYLHG880ABE","Approved","Sun Nov 24 20:17:38 PST 2019","Sun Nov 24 20:56:27 PST 2019","Wed Nov 27 20:56:27 PST 2019","Mon Nov 25 09:56:58 PST 2019","","","2329","100% (2/2)","100% (2/2)","100% (2/2)","COMPL3T3"
"33EEIIWHK75749SAJ6XEMU6GJGDVQ7","3BKZR1PB4HBK47NXZMBQYW7UQWWK6V","Answer questions about mobile app privacy","Answer a few questions about mobile app privacy","mobile, app, privacy","$2.00","Sun Nov 24 19:48:45 PST 2019","100","BatchId:3847811;OriginalHitTemplateId:920937340;","3600","259200","Sun Dec 01 19:48:45 PST 2019","","","3WJ1OXY92BEKS1NADKUKS03STMKA8P","AORHXBTOCXFUK","Approved","Sun Nov 24 23:27:25 PST 2019","Mon Nov 25 00:12:32 PST 2019","Thu Nov 28 00:12:32 PST 2019","Mon Nov 25 09:56:58 PST 2019","","","2707","100% (1/1)","100% (1/1)","100% (1/1)","COMPL3T3"
"33EEIIWHK75749SAJ6XEMU6GJGDVQ7","3BKZR1PB4HBK47NXZMBQYW7UQWWK6V","Answer questions about mobile app privacy","Answer a few questions about mobile app privacy","mobile, app, privacy","$2.00","Sun Nov 24 19:48:45 PST 2019","100","BatchId:3847811;OriginalHitTemplateId:920937340;","3600","259200","Sun Dec 01 19:48:45 PST 2019","","","3WS1NTTKEZAX63ZFTW3XDM817480FS","A21AVVEQUEX7DA","Approved","Sun Nov 24 20:19:58 PST 2019","Sun Nov 24 20:51:19 PST 2019","Wed Nov 27 20:51:19 PST 2019","Mon Nov 25 09:56:58 PST 2019","","","1881","100% (2/2)","100% (2/2)","100% (2/2)","COMPL3T3"
"33EEIIWHK75749SAJ6XEMU6GJGDVQ7","3BKZR1PB4HBK47NXZMBQYW7UQWWK6V","Answer questions about mobile app privacy","Answer a few questions about mobile app privacy","mobile, app, privacy","$2.00","Sun Nov 24 19:48:45 PST 2019","100","BatchId:3847811;OriginalHitTemplateId:920937340;","3600","259200","Sun Dec 01 19:48:45 PST 2019","","","3X1FV8S5JYPJD4WQ7DX4G0Y32FQGV4","A2R8IV2PWFTY00","Approved","Sun Nov 24 21:11:16 PST 2019","Sun Nov 24 21:15:11 PST 2019","Wed Nov 27 21:15:11 PST 2019","Mon Nov 25 09:56:58 PST 2019","","","235","100% (1/1)","100% (1/1)","100% (1/1)","COMPL3T3"
"33EEIIWHK75749SAJ6XEMU6GJGDVQ7","3BKZR1PB4HBK47NXZMBQYW7UQWWK6V","Answer questions about mobile app privacy","Answer a few questions about mobile app privacy","mobile, app, privacy","$2.00","Sun Nov 24 19:48:45 PST 2019","100","BatchId:3847811;OriginalHitTemplateId:920937340;","3600","259200","Sun Dec 01 19:48:45 PST 2019","","","3X4JMASXCN77TMNZOUH1UWHGS6D0B7","A1MIR0TP081SKT","Approved","Sun Nov 24 19:49:50 PST 2019","Sun Nov 24 20:00:49 PST 2019","Wed Nov 27 20:00:49 PST 2019","Mon Nov 25 09:56:59 PST 2019","","","659","100% (4/4)","100% (1/1)","100% (1/1)","COMPL3T3"
"33EEIIWHK75749SAJ6XEMU6GJGDVQ7","3BKZR1PB4HBK47NXZMBQYW7UQWWK6V","Answer questions about mobile app privacy","Answer a few questions about mobile app privacy","mobile, app, privacy","$2.00","Sun Nov 24 19:48:45 PST 2019","100","BatchId:3847811;OriginalHitTemplateId:920937340;","3600","259200","Sun Dec 01 19:48:45 PST 2019","","","3X73LLYYQ2CK5VISPSTVRJGRVCZHNL","A2RR3R75ECQSKE","Approved","Sun Nov 24 20:50:25 PST 2019","Sun Nov 24 21:09:44 PST 2019","Wed Nov 27 21:09:44 PST 2019","Mon Nov 25 09:56:59 PST 2019","","","1159","100% (3/3)","100% (1/1)","100% (1/1)","COMPL3T3"
"33EEIIWHK75749SAJ6XEMU6GJGDVQ7","3BKZR1PB4HBK47NXZMBQYW7UQWWK6V","Answer questions about mobile app privacy","Answer a few questions about mobile app privacy","mobile, app, privacy","$2.00","Sun Nov 24 19:48:45 PST 2019","100","BatchId:3847811;OriginalHitTemplateId:920937340;","3600","259200","Sun Dec 01 19:48:45 PST 2019","","","3Y5140Z9DYEK4B5PBPO8VKM1V4PIPL","A2UHK8HUXXMSVM","Approved","Sun Nov 24 23:35:24 PST 2019","Mon Nov 25 00:05:49 PST 2019","Thu Nov 28 00:05:49 PST 2019","Mon Nov 25 09:56:59 PST 2019","","","1825","100% (1/1)","100% (1/1)","100% (1/1)","COMPL3T3"
"33EEIIWHK75749SAJ6XEMU6GJGDVQ7","3BKZR1PB4HBK47NXZMBQYW7UQWWK6V","Answer questions about mobile app privacy","Answer a few questions about mobile app privacy","mobile, app, privacy","$2.00","Sun Nov 24 19:48:45 PST 2019","100","BatchId:3847811;OriginalHitTemplateId:920937340;","3600","259200","Sun Dec 01 19:48:45 PST 2019","","","3YGXWBAF71F72FX6LV0YHJDBR32C4F","A1GV0UZU0T2ORS","Approved","Sun Nov 24 21:21:18 PST 2019","Sun Nov 24 21:53:48 PST 2019","Wed Nov 27 21:53:48 PST 2019","Mon Nov 25 09:56:59 PST 2019","","","1950","100% (2/2)","100% (2/2)","100% (2/2)","COMPL3T3"
"33EEIIWHK75749SAJ6XEMU6GJGDVQ7","3BKZR1PB4HBK47NXZMBQYW7UQWWK6V","Answer questions about mobile app privacy","Answer a few questions about mobile app privacy","mobile, app, privacy","$2.00","Sun Nov 24 19:48:45 PST 2019","100","BatchId:3847811;OriginalHitTemplateId:920937340;","3600","259200","Sun Dec 01 19:48:45 PST 2019","","","3ZQIG0FLQFEFAQMQMI1M23KRW3LWVO","A1YSYI926BBOHW","Approved","Sun Nov 24 22:26:22 PST 2019","Sun Nov 24 22:29:27 PST 2019","Wed Nov 27 22:29:27 PST 2019","Mon Nov 25 09:56:59 PST 2019","","","185","100% (3/3)","100% (2/2)","100% (2/2)","COMPL3T3"